{
  "maxPokemonLevel": 100,
  "maxPokemonFriendship": 255,
  "announceDropItems": true,
  "defaultDropItemMethod": "ON_ENTITY",
  "defaultBoxCount": 40,
  "pokemonSaveIntervalSeconds": 30,
  "storageFormat": "nbt",
  "preventCompletePartyDeposit": false,
  "maxVerticalCorrectionBlocks": 64,
  "minimumLevelRangeMax": 10,
  "enableSpawning": true,
  "minimumDistanceBetweenEntities": 8.0,
  "maxNearbyBlocksHorizontalRange": 4,
  "maxNearbyBlocksVerticalRange": 2,
  "maxHorizontalSpace": 6,
  "maxVerticalSpace": 8,
  "worldSliceDiameter": 8,
  "worldSliceHeight": 16,
  "minimumSliceDistanceFromPlayer": 16.0,
  "maximumSliceDistanceFromPlayer": 64.0,
  "maximumSpawnedPokemonPerPlayer": 30,
  "exportSpawnsToConfig": false,
  "exportSpawnConfigToConfig": false,
  "autoUpdateShowdown": true,
  "defaultFleeDistance": 32.0,
  "allowExperienceFromPvP": true,
  "experienceMultiplier": 2.0,
  "passiveStatuses": {
    "cobblemon:poison": "180-300",
    "cobblemon:poisonbadly": "180-300",
    "cobblemon:paralysis": "180-300",
    "cobblemon:frozen": "180-300",
    "cobblemon:sleep": "180-300",
    "cobblemon:burn": "180-300"
  },
  "infiniteHealerCharge": false,
  "maxHealerCharge": 6.0,
  "chargeGainedPerTick": 1.6666666E-4,
  "defaultFaintTimer": 300,
  "faintAwakenHealthPercent": 0.2,
  "healPercent": 0.05,
  "healTimer": 60,
  "baseApricornTreeGenerationChance": 0.1,
  "globalFlagSpeciesFeatures": [],
  "flagSpeciesFeatures": [
    "sunglasses"
  ],
  "ninjaskCreatesShedinja": true,
  "displayEntityLevelLabel": true,
  "shinyRate": 4096.0,
  "apricornSeedChance": 0.06
}