{
    "enabled": true,
    "neededInstalledMods": [],
    "neededUninstalledMods": [],
    "spawns": [
        {
            "id": "metapod-1",
            "pokemon": "metapod",
            "presets": [
                "natural",
                "treetop",
                "foliage"
            ],
            "type": "pokemon",
            "context": "grounded",
            "bucket": "common",
            "level": "7-20",
            "weight": 20.0,
            "condition": {
                "canSeeSky": false,
                "minY": 61,
                "biomes": [
                    "#cobblemon:is_temperate"
                ],
                "neededNearbyBlocks": [
                    "minecraft:oak_leaves",
                    "minecraft:birch_leaves"
                ]
            },
            "anticondition": {
                "biomes": [
                    "#cobblemon:is_spooky"
                ]
            }
        },
		{
            "id": "metapod-valencian-1",
            "pokemon": "metapod valencian",
            "presets": [
                "natural",
                "treetop",
                "foliage"
            ],
            "type": "pokemon",
            "context": "grounded",
            "bucket": "common",
            "level": "7-20",
            "weight": 20.0,
            "condition": {
                "canSeeSky": false,
                "minY": 61,
                "biomes": [
                    "#cobblemon:is_jungle"
                ],
                "neededNearbyBlocks": [
                    "minecraft:oak_leaves",
                    "minecraft:jungle_leaves"
                ]
            }
        }
    ]
}