{
    "enabled": true,
    "neededInstalledMods": [],
    "neededUninstalledMods": [],
    "spawns": [
        {
            "id": "nidoranf-1",
            "pokemon": "nidoranf",
            "presets": [
                "natural"
            ],
            "type": "pokemon",
            "context": "grounded",
            "bucket": "uncommon",
            "level": "5-27",
            "weight": 9.0,
            "condition": {
                "canSeeSky": true,
                "biomes": [
                    "#cobblemon:is_savanna"
                ],
                "timeRange": "day"
            }
        },
        {
            "id": "nidoranf-2",
            "pokemon": "nidoranf",
            "presets": [
                "near_water"
            ],
            "type": "pokemon",
            "context": "grounded",
            "bucket": "common",
            "level": "5-27",
            "weight": 50.0,
            "condition": {
                "biomes": [
                    "#cobblemon:is_savanna"
                ]
            }
        }
    ]
}