{
    "enabled": true,
    "neededInstalledMods": [],
    "neededUninstalledMods": [],
    "spawns": [
        {
            "id": "paras-1",
            "pokemon": "paras",
            "presets": [
                "natural"
            ],
            "type": "pokemon",
            "context": "grounded",
            "bucket": "uncommon",
            "level": "11-28",
            "weight": 9.0,
            "condition": {
                "canSeeSky": false,
                "biomes": [
                    "#cobblemon:is_lush"
                ]
            }
        },
        {
            "id": "paras-2",
            "pokemon": "paras",
            "presets": [
                "natural"
            ],
            "type": "pokemon",
            "context": "grounded",
            "bucket": "common",
            "level": "11-28",
            "weight": 9.0,
            "condition": {
                "biomes": [
                    "#cobblemon:is_mushroom"
                ]
            }
        },
        {
            "id": "paras-3",
            "pokemon": "paras",
            "presets": [
                "natural"
            ],
            "type": "pokemon",
            "context": "grounded",
            "bucket": "common",
            "level": "15-30",
            "weight": 50.0,
            "condition": {
                "timeRange": "night",
                "biomes": [
                    "#cobblemon:is_temperate"
                ],
                "neededNearbyBlocks": [
                    "minecraft:red_mushroom",
                    "minecraft:red_mushroom_block"
                ]
            }
        }
    ]
}