{
    "enabled": true,
    "neededInstalledMods": [],
    "neededUninstalledMods": [],
    "spawns": [
        {
            "id": "persian-1",
            "pokemon": "persian",
            "presets": [
                "natural",
				"urban"
            ],
            "type": "pokemon",
            "context": "grounded",
            "bucket": "uncommon",
            "level": "28-44",
            "weight": 1.0,
            "condition": {
                "canSeeSky": true,
                "biomes": [
                    "#cobblemon:is_temperate"
                ],
                "timeRange": "night",
                "isRaining": false
            },
            "anticondition": {
                "biomes": [
                    "#cobblemon:is_spooky"
                ]
            }
        },
        {
            "id": "persian-2",
            "pokemon": "persian",
            "type": "pokemon",
            "context": "grounded",
            "bucket": "uncommon",
            "level": "28-50",
            "weight": 100.0,
            "condition": {
                "canSeeSky": true,
                "biomes": [
                    "#cobblemon:is_temperate"
                ],
                "timeRange": "night",
                "isRaining": false,
                "neededNearbyBlocks": [
                    "minecraft:gold_block"
                ]
            }
        }
    ]
}