{
    "enabled": true,
    "neededInstalledMods": [],
    "neededUninstalledMods": [],
    "spawns": [
        {
            "id": "mankey-1",
            "pokemon": "mankey",
            "presets": [
                "natural",
                "treetop"
            ],
            "type": "pokemon",
            "context": "grounded",
            "bucket": "common",
            "level": "12-30",
            "weight": 5.4,
            "condition": {
                "canSeeSky": true,
                "biomes": [
                    "#cobblemon:is_hills",
                    "#cobblemon:is_jungle"
                ]
            }
        },
        {
            "id": "mankey-2",
            "pokemon": "mankey",
            "presets": [
                "natural"
            ],
            "type": "pokemon",
            "context": "grounded",
            "bucket": "common",
            "level": "5-25",
            "weight": 500.0,
            "condition": {
                "canSeeSky": true,
                "isRaining": false,
                "timeRange": "noon",
                "biomes": [
                    "#cobblemon:is_hills",
                    "#cobblemon:is_jungle"
                ]
            }
        }
    ]
}