{
    "enabled": true,
    "neededInstalledMods": [],
    "neededUninstalledMods": [],
    "spawns": [
        {
            "id": "poliwrath-1",
            "pokemon": "poliwrath",
            "presets": [
                "natural",
				"freshwater"
            ],
            "type": "pokemon",
            "context": "grounded",
            "bucket": "common",
            "level": "39-51",
            "weight": 0.05,
            "condition": {
                "canSeeSky": true,
                "isRaining": true
            }
        },
        {
            "id": "poliwrath-2",
            "pokemon": "poliwrath",
            "presets": [
                "freshwater",
                "underwater"
            ],
            "type": "pokemon",
            "context": "submerged",
            "bucket": "common",
            "level": "39-51",
            "weight": 0.05,
            "condition": {
                "canSeeSky": true,
				"neededNearbyBlocks": [
                    "minecraft:lily_pad"
                ]
            }
        },
        {
            "id": "poliwrath-3",
            "pokemon": "poliwrath",
            "type": "pokemon",
            "presets": [
                "water_surface"
            ],
            "bucket": "rare",
            "level": "40-60",
            "weight": 50,
            "condition": {
                "canSeeSky": true,
                "timeRange": "day",
                "minY": 60
            },
            "anticondition": {
                "neededNearbyBlocks": [
                    "minecraft:mud"
                ]
            }
        }
    ]
}