{
    "enabled": true,
    "neededInstalledMods": [],
    "neededUninstalledMods": [],
    "spawns": [
        {
            "id": "machoke-1",
            "pokemon": "machoke",
            "presets": [
                "natural"
            ],
            "type": "pokemon",
            "context": "grounded",
            "bucket": "common",
            "level": "28-40",
            "weight": 0.54,
            "condition": {
                "canSeeSky": true,
                "biomes": [
                    "#cobblemon:is_hills"
                ],
                "timeRange": "day"
            }
        },
        {
            "id": "machoke-2",
            "pokemon": "machoke",
            "presets": [
                "mineshaft"
            ],
            "type": "pokemon",
            "context": "grounded",
            "bucket": "uncommon",
            "level": "30-50",
            "weight": 50,
            "condition": {
                "biomes": [
                    "#cobblemon:is_overworld"
                ],
                "timeRange": "day"
            }
        }
    ]
}