{
    "enabled": true,
    "neededInstalledMods": [],
    "neededUninstalledMods": [],
    "spawns": [
        {
            "id": "victreebel-1",
            "pokemon": "victreebel",
            "presets": [
                "natural"
            ],
            "type": "pokemon",
            "context": "grounded",
            "bucket": "common",
            "level": "40-49",
            "weight": 0.1,
            "condition": {
                "canSeeSky": true,
                "biomes": [
                    "#cobblemon:is_jungle"
                ]
            }
        },
        {
            "id": "victreebel-2",
            "pokemon": "victreebel",
            "presets": [
                "natural"
            ],
            "type": "pokemon",
            "context": "grounded",
            "bucket": "rare",
            "level": "45-60",
            "weight": 20,
            "condition": {
                "canSeeSky": false,
                "biomes": [
                    "#cobblemon:is_jungle"
                ],
                "neededNearbyBlocks": [
                    "minecraft:jungle_log"
                ]
            }
        }
    ]
}