{
    "enabled": "true",
    "neededInstalledMods": [],
    "neededUninstalledMods": [],
    "spawns": [
        {
            "id": "tentacruel",
            "pokemon": "tentacruel",
            "presets": [
                "underwater"
            ],
            "type": "pokemon",
            "context": "submerged",
            "bucket": "common",
            "level": "30-51",
            "weight": 1.0,
            "condition": {
                "canSeeSky": true,
                "biomes": [
                    "#minecraft:is_deep_ocean"
                ],
                "maxHeight": 52
            }
        },
        {
            "id": "tentacruel-2",
            "pokemon": "tentacruel",
            "presets": [
                "underwater"
            ],
            "type": "pokemon",
            "context": "submerged",
            "bucket": "common",
            "level": "30-51",
            "weight": 0.6,
            "condition": {
                "canSeeSky": true,
                "biomes": [
                    "#minecraft:is_ocean"
                ]
            },
            "anticondition": {
                "biomes": [
                    "#minecraft:is_deep_ocean"
                ]
            }
        },
        {
            "id": "tentacruel-3",
            "pokemon": "tentacool",
            "presets": [
                "twilight_zone",
                "midnight_zone"
            ],
            "type": "pokemon",
            "context": "submerged",
            "bucket": "common",
            "level": "30-60",
            "weight": 20,
            "condition": {
                "canSeeSky": true,
                "biomes": [
                    "#minecraft:is_ocean"
                ],
                "timeRange": "midnight"
            }
        }
    ]
}