{
    "enabled": true,
    "neededInstalledMods": [],
    "neededUninstalledMods": [],
    "spawns": [
        {
            "id": "slowpoke-1",
            "pokemon": "slowpoke",
            "presets": [
                "natural"
            ],
            "type": "pokemon",
            "context": "grounded",
            "bucket": "common",
            "level": "12-31",
            "weight": 5.4,
            "condition": {
                "canSeeSky": true,
                "biomes": [
                    "#minecraft:is_beach"
                ]
            }
        },
        {
            "id": "slowpoke-2",
            "pokemon": "slowpoke",
            "type": "pokemon",
            "context": "grounded",
            "bucket": "common",
            "level": "12-31",
            "weight": 50,
            "condition": {
                "canSeeSky": true,
                "minY": 61,
                "biomes": [
                    "#minecraft:is_beach"
                ],
                "neededBaseBlocks": [
                    "minecraft:sand"
                ],
                "neededNearbyBlocks": [
                    "minecraft:seagrass"
                ]
            }
        }
    ]
}