{
    "enabled": true,
    "neededInstalledMods": [],
    "neededUninstalledMods": [],
    "spawns": [
        {
            "id": "magneton-1",
            "pokemon": "magneton",
            "presets": [
                "redstone"
            ],
            "type": "pokemon",
            "context": "grounded",
            "bucket": "uncommon",
            "level": "30-46",
            "weight": 0.18,
            "condition": {
                "biomes": [
                    "#cobblemon:is_overworld"
                ]
            },
            "anticondition": {
                "biomes": [
                    "#cobblemon:is_abyss"
                ]
            }
        },
        {
            "id": "magneton-2",
            "pokemon": "magneton",
            "type": "pokemon",
            "context": "grounded",
            "bucket": "uncommon",
            "level": "30-45",
            "weight": 50,
            "condition": {
                "canSeeSky": true,
                "timeRange": "day",
                "minY": 63,
                "biomes": [
                    "#cobblemon:is_overworld"
                ],
                "neededNearbyBlocks": [
                    "minecraft:redstone_lamp"
                ]
            },
            "anticondition": {
                "biomes": [
                    "#cobblemon:is_abyss",
                    "#minecraft:is_ocean"
                ]
            }
        }
    ]
}