{
    "enabled": true,
    "neededInstalledMods": [],
    "neededUninstalledMods": [],
    "spawns": [
        {
            "id": "seel-1",
            "pokemon": "seel",
            "presets": [
                "natural"
            ],
            "type": "pokemon",
            "context": "grounded",
            "bucket": "common",
            "level": "11-32",
            "weight": 9.0,
            "condition": {
                "canSeeSky": true,
                "biomes": [
                    "#cobblemon:is_frozen"
                ]
            }
        },
        {
            "id": "seel-2",
            "pokemon": "seel",
            "presets": [
                "underwater"
            ],
            "type": "pokemon",
            "context": "submerged",
            "bucket": "common",
            "level": "11-32",
            "weight": 9.0,
            "condition": {
                "canSeeSky": true,
                "biomes": [
                    "#cobblemon:is_frozen"
                ]
            }
        },
        {
            "id": "seel-3",
            "pokemon": "seel",
            "presets": [
                "underwater"
            ],
            "type": "pokemon",
            "context": "submerged",
            "bucket": "common",
            "level": "11-32",
            "weight": 50,
            "condition": {
                "canSeeSky": true,
                "timeRange": "day",
                "minY": 61,
                "biomes": [
                    "#cobblemon:is_frozen"
                ],
                "neededNearbyBlocks": [
                    "minecraft:snow"
                ]
            }
        }
    ]
}