{
    "enabled": true,
    "neededInstalledMods": [],
    "neededUninstalledMods": [],
    "spawns": [
        {
            "id": "gengar-1",
            "pokemon": "gengar",
            "presets": [
                "underground"
            ],
            "type": "pokemon",
            "context": "grounded",
            "bucket": "uncommon",
            "level": "41-50",
            "weight": 0.06,
            "condition": {
                "canSeeSky": false,
                "biomes": [
                    "#cobblemon:is_abyss"
                ]
            }
        },
        {
            "id": "gengar-2",
            "pokemon": "gengar",
            "presets": [
                "underground"
            ],
            "type": "pokemon",
            "context": "grounded",
            "bucket": "common",
            "level": "41-50",
            "weight": 0.1,
            "condition": {
                "canSeeSky": false,
				"maxLight": 0,
                "biomes": [
                    "#cobblemon:is_overworld"
                ]
            },
            "anticondition": {
                "biomes": [
                    "#cobblemon:is_abyss"
                ]
            }
        },
		{
            "id": "gengar-3",
            "pokemon": "gengar",
            "presets": [
                "derelict"
            ],
            "type": "pokemon",
            "context": "grounded",
            "bucket": "uncommon",
            "level": "41-50",
            "weight": 0.06,
            "condition": {
                "canSeeSky": false,
                "biomes": [
                    "#cobblemon:is_overworld"
                ]
            }
        },
        {
            "id": "gengar-4",
            "pokemon": "gengar",
            "presets": [
                "natural"
            ],
            "type": "pokemon",
            "context": "grounded",
            "bucket": "common",
            "level": "41-50",
            "weight": 0.1,
            "condition": {
                "canSeeSky": true,
				"maxLight": 0,
                "biomes": [
                    "#cobblemon:is_spooky"
                ]
            }
        },
        {
            "id": "gengar-5",
            "pokemon": "gengar",
            "presets": [
                "natural"
            ],
            "type": "pokemon",
            "context": "grounded",
            "bucket": "common",
            "level": "41-50",
            "weight": 0.1,
            "condition": {
                "biomes": [
                    "#minecraft:is_nether"
                ]
            }
        },
        {
            "id": "gengar-6",
            "pokemon": "gengar",
            "presets": [
                "natural"
            ],
            "type": "pokemon",
            "context": "grounded",
            "bucket": "rare",
            "level": "30-55",
            "weight": 50.0,
            "condition": {
                "biomes": [
                    "#cobblemon:is_temperate"
                ],
                "canSeeSky": true,
                "timeRange": "night",
                "neededNearbyBlocks": [
                    "minecraft:purple_candle"
                ]
            }
        }
    ]
}