{
    "enabled": true,
    "neededInstalledMods": [],
    "neededUninstalledMods": [],
    "spawns": [
        {
            "id": "kingler-1",
            "pokemon": "kingler",
            "presets": [
                "natural"
            ],
            "type": "pokemon",
            "context": "grounded",
            "bucket": "common",
            "level": "28-47",
            "weight": 1.0,
            "condition": {
                "canSeeSky": true,
                "biomes": [
                    "#cobblemon:is_coast"
                ]
            }
        },
        {
            "id": "kingler-2",
            "pokemon": "kingler",
            "type": "pokemon",
            "context": "grounded",
            "bucket": "uncommon",
            "level": "28-50",
            "weight": 50,
            "condition": {
                "canSeeSky": true,
                "minY": 61,
                "timeRange": "day",
                "biomes": [
                    "#minecraft:is_beach"
                ],
                "neededBaseBlocks": [
                    "minecraft:sand"
                ],
                "neededNearbyBlocks": [
                    "minecraft:stone_button"
                ]
            },
            "anticondition": {
                "neededNearbyBlocks": [
                    "minecraft:water"
                ]
            }
        }
    ]
}