{
    "enabled": true,
    "neededInstalledMods": [],
    "neededUninstalledMods": [],
    "spawns": [
        {
            "id": "exeggutor-1",
            "pokemon": "exeggutor",
            "presets": [
                "natural"
            ],
            "type": "pokemon",
            "context": "grounded",
            "bucket": "uncommon",
            "level": "33-53",
            "weight": 0.02,
            "condition": {
                "canSeeSky": true,
                "biomes": [
                    "#cobblemon:is_jungle"
                ]
            }
        },
        {
            "id": "exeggutor-2",
            "pokemon": "exeggutor",
            "type": "pokemon",
            "context": "grounded",
            "bucket": "uncommon",
            "level": "30-50",
            "weight": 50,
            "condition": {
                "canSeeSky": true,
                "minY": 63,
                "timeRange": "day",
                "neededNearbyBlocks": [
                    "minecraft:sand"
                ],
                "biomes": [
                    "#cobblemon:is_jungle"
                ]
            },
            "anticondition": {
                "neededNearbyBlocks": [
                    "minecraft:water"
                ]
            }
        }
    ]
}