{
    "enabled": true,
    "neededInstalledMods": [],
    "neededUninstalledMods": [],
    "spawns": [
        {
            "id": "rhyhorn-1",
            "pokemon": "rhyhorn",
            "presets": [
                "natural"
            ],
            "type": "pokemon",
            "context": "grounded",
            "bucket": "common",
            "level": "15-34",
            "weight": 1.8,
            "condition": {
                "canSeeSky": true,
                "biomes": [
                    "#cobblemon:is_savanna"
                ],
                "timeRange": "day"
            }
        },
        {
            "id": "rhyhorn-2",
            "pokemon": "rhyhorn",
            "type": "pokemon",
            "context": "grounded",
            "bucket": "common",
            "level": "10-30",
            "weight": 50,
            "condition": {
                "canSeeSky": true,
                "biomes": [
                    "#cobblemon:is_savanna"
                ],
                "timeRange": "day",
                "minY": 63,
                "neededBaseBlocks": [
                    "minecraft:coarse_dirt"
                ],
                "neededNearbyBlocks": [
                    "minecraft:cobblestone"
                ]
            },
            "anticondition": {
                "neededNearbyBlocks": [
                    "minecraft:grass",
                    "minecraft:tall_grass"
                ]
            }
        }
    ]
}