{
    "enabled": true,
    "neededInstalledMods": [],
    "neededUninstalledMods": [],
    "spawns": [
        {
            "id": "kangaskhan-1",
            "pokemon": "kangaskhan",
            "presets": [
                "natural"
            ],
            "type": "pokemon",
            "context": "grounded",
            "bucket": "rare",
            "level": "24-49",
            "weight": 10.0,
            "condition": {
                "canSeeSky": true,
                "biomes": [
                    "#cobblemon:is_savanna"
                ],
                "timeRange": "day"
            }
        },
        {
            "id": "kangaskhan-2",
            "pokemon": "kangaskhan",
            "type": "pokemon",
            "context": "grounded",
            "bucket": "common",
            "level": "24-49",
            "weight": 20.0,
            "condition": {
                "canSeeSky": false,
                "biomes": [
                    "#cobblemon:is_savanna"
                ],
                "timeRange": "day",
                "minY": 63,
                "neededNearbyBlocks": [
                    "minecraft:flowering_azalea_leaves"
                ]
            }
        }
    ]
}