{
    "enabled": true,
    "neededInstalledMods": [],
    "neededUninstalledMods": [],
    "spawns": [
        {
            "id": "horsea-1",
            "pokemon": "horsea",
            "presets": [
                "underwater",
                "natural"
            ],
            "type": "pokemon",
            "context": "submerged",
            "bucket": "uncommon",
            "level": "10-29",
            "weight": 9.0,
            "condition": {
                "canSeeSky": true,
                "biomes": [
                    "#cobblemon:is_lukewarm"
                ]
            }
        },
        {
            "id": "horsea-2",
            "pokemon": "horsea",
            "presets": [
                "sunlight_zone"
            ],
            "type": "pokemon",
            "context": "submerged",
            "bucket": "common",
            "level": "10-29",
            "weight": 50.0,
            "condition": {
                "canSeeSky": true,
                "biomes": [
                    "#cobblemon:is_lukewarm"
                ],
                "neededNearbyBlocks": [
                    "minecraft:kelp_plant"
                ]
            }
        }
    ]
}