{
    "enabled": true,
    "neededInstalledMods": [],
    "neededUninstalledMods": [],
    "spawns": [
        {
            "id": "goldeen-1",
            "pokemon": "goldeen",
            "presets": [
                "river",
                "underwater"
            ],
            "type": "pokemon",
            "context": "submerged",
            "bucket": "common",
            "level": "10-32",
            "weight": 9.0,
            "condition": {
                "canSeeSky": true
            }
        },
        {
            "id": "goldeen-2",
            "pokemon": "goldeen",
            "presets": [
                "river"
            ],
            "type": "pokemon",
            "context": "submerged",
            "bucket": "common",
            "level": "10-32",
            "weight": 50.0,
            "condition": {
                "canSeeSky": true,
                "timeRange": "day",
                "neededNearbyBlocks": [
                    "minecraft:dried_kelp_block"
                ]
            }
        }
    ]
}