{
    "enabled": true,
    "neededInstalledMods": [],
    "neededUninstalledMods": [],
    "spawns": [
        {
            "id": "ditto-1",
            "pokemon": "ditto",
            "presets": [
                "natural"
            ],
            "type": "pokemon",
            "context": "grounded",
            "bucket": "rare",
            "level": "1-29",
            "weight": 10.0,
            "condition": {
                "biomes": [
                    "#cobblemon:is_overworld"
                ]
            }
        },
        {
            "id": "ditto-2",
            "pokemon": "ditto",
            "type": "pokemon",
            "context": "grounded",
            "bucket": "uncommon",
            "level": "1-29",
            "weight": 100.0,
            "condition": {
                "canSeeSky": false,
                "minY": 63,
                "neededBaseBlocks": [
                    "minecraft:redstone_block"
                ],
                "neededNearbyBlocks": [
                    "minecraft:slime_block"
                ],
                "biomes": [
                    "#cobblemon:is_overworld"
                ]
            }
        }
    ]
}