{
    "enabled": true,
    "neededInstalledMods": [],
    "neededUninstalledMods": [],
    "spawns": [
        {
            "id": "omastar-1",
            "pokemon": "omastar",
            "presets": [
                "natural"
            ],
            "type": "pokemon",
            "context": "grounded",
            "bucket": "ultra-rare",
            "level": "40-49",
            "weight": 1.0,
            "condition": {
                "biomes": [
                    "#cobblemon:is_lush"
                ]
            }
        },
        {
            "id": "omastar-2",
            "pokemon": "omastar",
			"presets": [
                "underwater"
            ],
            "type": "pokemon",
            "context": "submerged",
            "bucket": "ultra-rare",
            "level": "40-49",
            "weight": 1.0,
            "condition": {
                "biomes": [
                    "#cobblemon:is_lush"
                ]
            }
        },
        {
            "id": "omastar-3",
            "pokemon": "omastar",
			"presets": [
                "abyssal_zone"
            ],
            "type": "pokemon",
            "context": "submerged",
            "bucket": "rare",
            "level": "40-60",
            "weight": 20,
            "condition": {
                "neededNearbyBlocks": [
                    "minecraft:gravel"
                ],
                "biomes": [
                    "#minecraft:is_ocean"
                ]
            }
        }
    ]
}