{
    "enabled": true,
    "neededInstalledMods": [],
    "neededUninstalledMods": [],
    "spawns": [
        {
            "id": "kabuto-1",
            "pokemon": "kabuto",
            "presets": [
                "natural"
            ],
            "type": "pokemon",
            "context": "grounded",
            "bucket": "ultra-rare",
            "level": "15-35",
            "weight": 9.0,
            "condition": {
                "biomes": [
                    "#cobblemon:is_lush"
                ]
            }
        },
        {
            "id": "kabuto-2",
            "pokemon": "kabuto",
			"presets": [
                "underwater"
            ],
            "type": "pokemon",
            "context": "submerged",
            "bucket": "ultra-rare",
            "level": "15-35",
            "weight": 9.0,
            "condition": {
                "biomes": [
                    "#cobblemon:is_lush"
                ]
            }
        },
        {
            "id": "kabuto-3",
            "pokemon": "kabuto",
			"presets": [
                "abyssal_zone"
            ],
            "type": "pokemon",
            "context": "submerged",
            "bucket": "uncommon",
            "level": "15-35",
            "weight": 20,
            "condition": {
                "neededNearbyBlocks": [
                    "minecraft:gravel"
                ],
                "biomes": [
                    "#minecraft:is_ocean"
                ]
            }
        }
    ]
}