{
    "enabled": true,
    "neededInstalledMods": [],
    "neededUninstalledMods": [],
    "spawns": [
        {
            "id": "igglybuff-1",
            "pokemon": "igglybuff",
            "presets": [
                "natural"
            ],
            "type": "pokemon",
            "context": "grounded",
            "bucket": "common",
            "level": "4-21",
            "weight": 9.0,
            "condition": {
                "canSeeSky": true,
                "biomes": [
                    "#cobblemon:is_floral"
                ]
            }
        },
		{
            "id": "igglybuff-2",
            "pokemon": "igglybuff",
            "presets": [
                "natural"
            ],
            "type": "pokemon",
            "context": "grounded",
            "bucket": "common",
            "level": "4-21",
            "weight": 1.8,
            "condition": {
                "canSeeSky": true,
                "biomes": [
                    "#cobblemon:is_plains"
                ]
            },
            "anticondition": {
                "biomes": [
                    "#cobblemon:is_floral"
                ]
            }
        },
		{
            "id": "igglybuff-3",
            "pokemon": "igglybuff",
            "presets": [
                "natural"
            ],
            "type": "pokemon",
            "context": "grounded",
            "bucket": "common",
            "level": "10-25",
            "weight": 25,
            "condition": {
                "canSeeSky": true,
                "isRaining": false,
                "biomes": [
                    "#cobblemon:is_overworld"
                ],
                "neededNearbyBlocks": [
                    "minecraft:jukebox"
                ]
            },
            "anticondition": {
                "biomes": [
                    "#minecraft:is_ocean"
                ]
            }
        }
    ]
}