{
    "enabled": "true",
    "neededInstalledMods": [],
    "neededUninstalledMods": [],
    "spawns": [
        {
            "id": "pineco-1",
            "pokemon": "pineco",
            "presets": [
                "natural",
                "treetop"
            ],
            "type": "pokemon",
            "context": "grounded",
            "bucket": "common",
            "level": "12-30",
            "weight": 9.0,
            "condition": {
                "canSeeSky": true,
                "biomes": [
                    "#cobblemon:is_taiga"
                ]
            }
        },
        {
            "id": "pineco-2",
            "pokemon": "pineco",
            "type": "pokemon",
            "context": "grounded",
            "bucket": "common",
            "level": "12-30",
            "weight": 10.0,
            "condition": {
                "canSeeSky": false,
                "neededNearbyBlocks": [
                    "minecraft:spruce_leaves"
                ]
            }
        }
    ]
}