{
    "enabled": "true",
    "neededInstalledMods": [],
    "neededUninstalledMods": [],
    "spawns": [
        {
            "id": "forretress-1",
            "pokemon": "forretress",
            "presets": [
                "natural"
            ],
            "type": "pokemon",
            "context": "grounded",
            "bucket": "common",
            "level": "31-46",
            "weight": 1.0,
            "condition": {
                "canSeeSky": true,
                "biomes": [
                    "#cobblemon:is_taiga"
                ]
            }
        },
        {
            "id": "forretress-2",
            "pokemon": "forretress",
            "type": "pokemon",
            "context": "grounded",
            "bucket": "common",
            "level": "12-30",
            "weight": 10.0,
            "condition": {
                "canSeeSky": false,
                "neededNearbyBlocks": [
                    "minecraft:spruce_leaves"
                ]
            }
        }
    ]
}