{
    "enabled": "true",
    "neededInstalledMods": [],
    "neededUninstalledMods": [],
    "spawns": [
        {
            "id": "sneasel-1",
            "pokemon": "sneasel",
            "presets": [
                "natural"
            ],
            "type": "pokemon",
            "context": "grounded",
            "bucket": "uncommon",
            "level": "12-43",
            "weight": 9.9,
            "condition": {
                "canSeeSky": true,
                "biomes": [
                    "#cobblemon:is_taiga"
                ],
                "timeRange": "night"
            }
        },
        {
            "id": "sneasel-2",
            "pokemon": "sneasel",
            "presets": [
                "cave_den"
            ],
            "type": "pokemon",
            "context": "grounded",
            "bucket": "common",
            "level": "12-43",
            "weight": 50,
            "condition": {
                "biomes": [
                    "#cobblemon:is_taiga"
                ]
            }
        },
        {
            "id": "sneasel-3",
            "pokemon": "sneasel",
            "presets": [
                "near_berry_bush"
            ],
            "type": "pokemon",
            "context": "grounded",
            "bucket": "common",
            "level": "12-43",
            "weight": 50,
            "condition": {
                "timeRange": "night"
            }
        }
    ]
}