{
    "enabled": "true",
    "neededInstalledMods": [],
    "neededUninstalledMods": [],
    "spawns": [
        {
            "id": "lombre-1",
            "pokemon": "lombre",
            "presets": [
                "natural"
            ],
            "type": "pokemon",
            "context": "grounded",
            "bucket": "common",
            "level": "14-34",
            "weight": 0.18,
            "condition": {
                "canSeeSky": true,
                "biomes": [
                    "#cobblemon:is_swamp"
                ],
                "isRaining": true
            }
        },
        {
            "id": "lombre-1",
            "pokemon": "lombre",
            "presets": [
                "water_surface"
            ],
            "type": "pokemon",
            "context": "surface",
            "bucket": "common",
            "level": "14-34",
            "weight": 0.54,
            "condition": {
                "canSeeSky": true,
                "biomes": [
                    "#cobblemon:is_swamp"
                ]
            }
        },
        {
            "id": "lombre-3",
            "pokemon": "lombre",
            "presets": [
                "water_surface"
            ],
            "type": "pokemon",
            "context": "surface",
            "bucket": "common",
            "level": "14-30",
            "weight": 50,
            "condition": {
                "canSeeSky": true,
                "timeRange": "night",
                "neededNearbyBlocks": [
                    "minecraft:lily_pad"
                ]
            }
        }
    ]
}