{
    "enabled": "true",
    "neededInstalledMods": [],
    "neededUninstalledMods": [],
    "spawns": [
        {
            "id": "shiftry-1",
            "pokemon": "shiftry",
            "presets": [
                "natural",
                "treetop"
            ],
            "type": "pokemon",
            "context": "grounded",
            "bucket": "common",
            "level": "35-48",
            "weight": 0.06,
            "condition": {
                "canSeeSky": true,
                "biomes": [
                    "#cobblemon:is_forest"
                ]
            }
        },
        {
            "id": "shiftry-2",
            "pokemon": "shiftry",
            "type": "pokemon",
            "context": "grounded",
            "bucket": "uncommon",
            "level": "40-55",
            "weight": 30,
            "condition": {
                "canSeeSky": true,
                "biomes": [
                    "#cobblemon:is_forest"
                ],
                "neededBaseBlocks": [
                    "minecraft:grass_block"
                ],
                "neededNearbyBlocks": [
                    "minecraft:oak_leaves"
                ]
            }
        }
    ]
}