{
    "enabled": true,
    "neededInstalledMods": [],
    "neededUninstalledMods": [],
    "spawns": [
        {
            "id": "minun-1",
            "pokemon": "minun",
            "presets": [
                "natural"
            ],
            "type": "pokemon",
            "context": "grounded",
            "bucket": "rare",
            "level": "10-40",
            "weight": 5.0,
            "condition": {
                "canSeeSky": true,
                "biomes": [
                    "#cobblemon:is_plains"
                ]
            }
        },
        {
            "id": "minun-2",
            "pokemon": "minun",
            "presets": [
                "natural"
            ],
            "type": "pokemon",
            "context": "grounded",
            "bucket": "common",
            "level": "10-40",
            "weight": 100.0,
            "condition": {
                "canSeeSky": true,
                "timeRange": "day",
                "minY": 63,
                "neededNearbyBlocks": [
                    "minecraft:comparator"
                ],
                "biomes": [
                    "#cobblemon:is_temperate"
                ]
            }
        }
    ]
}