{
    "enabled": "true",
    "neededInstalledMods": [],
    "neededUninstalledMods": [],
    "spawns": [
        {
            "id": "baltoy-1",
            "pokemon": "baltoy",
            "presets": [
                "desert_temple"
            ],
            "type": "pokemon",
            "context": "grounded",
            "bucket": "common",
            "level": "12-30",
            "weight": 5.4,
            "condition": {
                "canSeeSky": false,
                "biomes": [
                    "#cobblemon:is_sandy"
                ]
            },
            "anticondition": {
                "biomes": [
                    "#cobblemon:is_abyss"
                ]
            }
        },
        {
            "id": "baltoy-2",
            "pokemon": "baltoy",
            "presets": [
                "natural"
            ],
            "type": "pokemon",
            "context": "grounded",
            "bucket": "uncommon",
            "level": "5-30",
            "weight": 10,
            "condition": {
                "canSeeSky": true,
                "biomes": [
                    "#cobblemon:is_sandy"
                ]
            }
        },
        {
            "id": "baltoy-3",
            "pokemon": "baltoy",
            "type": "pokemon",
            "context": "grounded",
            "bucket": "common",
            "level": "5-10",
            "weight": 500,
            "condition": {
                "canSeeSky": true,
                "minY": 63,
                "biomes": [
                    "#cobblemon:is_sandy"
                ],
                "neededNearbyBlocks": [
                    "minecraft:clay"
                ]
            },
            "anticondition": {
                "neededNearbyBlocks": [
                    "minecraft:water"
                ]
            }
        }
    ]
}