{
    "enabled": true,
    "neededInstalledMods": [],
    "neededUninstalledMods": [],
    "spawns": [
        {
            "id": "grotle-2",
            "pokemon": "grotle",
            "type": "pokemon",
            "context": "grounded",
            "bucket": "uncommon",
            "level": "20-25",
            "weight": 500.0,
            "condition": {
                "canSeeSky": true,
                "isThundering": false,
                "timeRange": "day",
                "maxZ": 0,
                "neededBaseBlocks": [
                    "minecraft:farmland"
                ],
                "neededNearbyBlocks": [
                    "minecraft:oak_sapling",
                    "minecraft:spruce_sapling",
                    "minecraft:birch_sapling",
                    "minecraft:jungle_sapling",
                    "minecraft:acacia_sapling",
                    "minecraft:dark_oak_sapling"
                ],
                "biomes": [
                    "#minecraft:is_forest"
                ]
            },
            "anticondition": {
                "neededNearbyBlocks": [
                    "minecraft:fire",
                    "minecraft:soul_fire",
                    "minecraft:lava",
                    "minecraft:jack_o_lantern",
                    "minecraft:campfire",
                    "minecraft:soul_campfire",
                    "minecraft:torch",
                    "minecraft:wall_torch",
                    "minecraft:soul_torch",
                    "minecraft:wall_soul_torch",
                    "minecraft:redstone_torch",
                    "minecraft:redstone_wall_torch",
                    "minecraft:wheat",
                    "minecraft:beetroots",
                    "minecraft:carrots",
                    "minecraft:potatoes",
                    "minecraft:melon_stem",
                    "minecraft:attached_melon_stem",
                    "minecraft:pumpkin_stem",
                    "minecraft:attached_pumpkin_stem"
                ],
                "biomes": [
                    "#cobblemon:is_snowy",
                    "#cobblemon:is_taiga",
                    "#cobblemon:is_freezing"
                ]
            }
        }
    ]
}