{
    "enabled": true,
    "neededInstalledMods": [],
    "neededUninstalledMods": [],
    "spawns": [
        {
            "id": "bibarel-1",
            "pokemon": "bibarel",
			"presets": [
                "natural",
				"freshwater"
            ],
            "type": "pokemon",
            "context": "grounded",
            "bucket": "common",
            "level": "15-41",
            "weight": 1.0,
            "condition": {
                "canSeeSky": true
            }
        },
        {
            "id": "bibarel-2",
            "pokemon": "bibarel",
			"presets": [
                "freshwater"
            ],
            "type": "pokemon",
            "context": "submerged",
            "bucket": "common",
            "level": "15-41",
            "weight": 1.0,
            "condition": {
                "canSeeSky": true
            }
        },
        {
            "id": "bibarel-3",
            "pokemon": "bibarel",
            "type": "pokemon",
            "context": "surface",
            "bucket": "uncommon",
            "level": "30-60",
            "weight": 500,
            "condition": {
                "canSeeSky": true,
                "neededNearbyBlocks": [
                    "minecraft:oak_log"
                ],
                "biomes": [
                    "#minecraft:is_river"
                ]
            }
        }
    ]
}