{
    "enabled": true,
    "neededInstalledMods": [],
    "neededUninstalledMods": [],
    "spawns": [
        {
            "id": "lopunny-1",
            "pokemon": "lopunny",
            "presets": [
                "natural"
            ],
            "type": "pokemon",
            "context": "grounded",
            "bucket": "common",
            "level": "36-48",
            "weight": 0.1,
            "condition": {
                "canSeeSky": true,
                "biomes": [
                    "#cobblemon:is_forest",
                    "#cobblemon:is_hills",
					"#cobblemon:is_snowy"
                ]
            }
        },
        {
            "id": "lopunny-2",
            "pokemon": "lopunny",
            "presets": [
                "near_crops"
            ],
            "type": "pokemon",
            "context": "grounded",
            "bucket": "uncommon",
            "level": "20-45",
            "weight": 50,
            "condition": {
                "canSeeSky": true,
                "timeRange": "day",
                "biomes": [
                    "#cobblemon:is_forest",
                    "#cobblemon:is_hills",
					"#cobblemon:is_snowy"
                ]
            }
        },
        {
            "id": "lopunny-3",
            "pokemon": "lopunny",
            "type": "pokemon",
            "context": "grounded",
            "bucket": "uncommon",
            "level": "20-60",
            "weight": 500,
            "condition": {
                "canSeeSky": true,
                "timeRange": "day",
                "biomes": [
                    "#cobblemon:is_forest",
                    "#cobblemon:is_hills",
					"#cobblemon:is_snowy"
                ],
                "neededBaseBlocks": [
                    "minecraft:grass_block"
                ],
                "neededNearbyBlocks": [
                    "minecraft:carrots"
                ]
            }
        }
    ]
}