{
    "enabled": true,
    "neededInstalledMods": [],
    "neededUninstalledMods": [],
    "spawns": [
        {
            "id": "happiny-1",
            "pokemon": "happiny",
            "presets": [
                "natural",
				"urban"
            ],
            "type": "pokemon",
            "context": "grounded",
            "bucket": "rare",
            "level": "4-22",
            "weight": 9.0,
            "condition": {
                "canSeeSky": true,
                "biomes": [
                    "#cobblemon:is_overworld"
                ],
                "timeRange": "day"
            }
        },
        {
            "id": "happiny-2",
            "pokemon": "happiny",
            "type": "pokemon",
            "context": "grounded",
            "bucket": "uncommon",
            "level": "20-25",
            "weight": 20,
            "condition": {
                "canSeeSky":false,
                "biomes": [
                    "#cobblemon:is_overworld"
                ],
                "timeRange": "day",
                "neededNearbyBlocks": [
                    "cobblemon:healing_machine"
                ]
            }
        },
        {
            "id": "happiny-3",
            "pokemon": "happiny",
            "type": "pokemon",
            "context": "grounded",
            "bucket": "common",
            "level": "5-20",
            "weight": 50,
            "condition": {
                "canSeeSky": true,
                "biomes": [
                    "#cobblemon:is_grassland"
                ],
                "timeRange": "day",
                "neededBaseBlocks": [
                    "minecraft:hay_block"
                ],
                "neededNearbyBlocks": [
                    "minecraft:lilac"
                ]
            }
        },
        {
            "id": "happiny-4",
            "pokemon": "happiny",
            "type": "pokemon",
            "context": "grounded",
            "bucket": "common",
            "level": "5-20",
            "weight": 50,
            "condition": {
                "canSeeSky": true,
                "biomes": [
                    "minecraft:flower_forest"
                ],
                "timeRange": "day",
                "isRaining": false,
                "minY": 63,
                "neededBaseBlocks": [
                    "minecraft:hay_block"
                ],
                "neededNearbyBlocks": [
                    "minecraft:lilac"
                ]
            }
        }
    ]
}