{
    "enabled": true,
    "neededInstalledMods": [],
    "neededUninstalledMods": [],
    "spawns": [
        {
            "id": "tangrowth-1",
            "pokemon": "tangrowth",
            "presets": [
                "natural"
            ],
            "type": "pokemon",
            "context": "grounded",
            "bucket": "common",
            "level": "24-53",
            "weight": 0.2,
            "condition": {
                "canSeeSky": true,
                "biomes": [
                    "#cobblemon:is_jungle"
                ]
            }
        },
        {
            "id": "tangrowth-2",
            "pokemon": "tangrowth",
            "type": "pokemon",
            "context": "grounded",
            "bucket": "uncommon",
            "level": "40-64",
            "weight": 50,
            "condition": {
                "canSeeSky": true,
                "biomes": [
                    "#cobblemon:is_jungle",
                    "#cobblemon:is_temperate"
                ],
                "minY": 63,
                "neededNearbyBlocks": [
                    "minecraft:vine"
                ]
            },
            "anticondition": {
                "neededNearbyBlocks": [
                    "minecraft:fire",
                    "minecraft:soul_fire",
                    "minecraft:lava",
                    "minecraft:jack_o_lantern",
                    "minecraft:campfire",
                    "minecraft:soul_campfire",
                    "minecraft:torch",
                    "minecraft:wall_torch",
                    "minecraft:soul_torch",
                    "minecraft:wall_soul_torch",
                    "minecraft:redstone_torch",
                    "minecraft:redstone_wall_torch"
                ]
            }
        }
    ]
}