{
    "enabled": true,
    "neededInstalledMods": [],
    "neededUninstalledMods": [],
    "spawns": [
        {
            "id": "yanmega-1",
            "pokemon": "yanmega",
            "presets": [
                "water_surface",
                "freshwater"
            ],
            "type": "pokemon",
            "bucket": "common",
            "level": "33-51",
            "weight": 0.6,
            "condition": {
                "canSeeSky": true,
                "timeRange": "day",
                "isRaining": false
            }
        }
    ]
}