{
    "enabled": true,
    "neededInstalledMods": [],
    "neededUninstalledMods": [],
    "spawns": [
        {
            "id": "porygonz-1",
            "pokemon": "porygonz",
            "type": "pokemon",
            "context": "grounded",
            "bucket": "uncommon",
            "level": "52-53",
            "weight": 0.1,
            "condition": {
                "biomes": [
                    "#cobblemon:is_overworld"
                ],
				"neededNearbyBlocks": [
                    "cobblemon:pc"
                ]
            }
        },
        {
            "id": "porygonz-2",
            "pokemon": "porygonz",
            "type": "pokemon",
            "context": "grounded",
            "bucket": "rare",
            "level": "50-60",
            "weight": 50,
            "condition": {
                "biomes": [
                    "#cobblemon:is_overworld"
                ],
				"neededNearbyBlocks": [
                    "cobblemon:pc"
                ],
                "neededBaseBlocks": [
                    "minecraft:observer"
                ]
            }
        }
    ]
}