{
    "enabled": true,
    "neededInstalledMods": [],
    "neededUninstalledMods": [],
    "spawns": [
        {
            "id": "basculin-blue-1",
            "pokemon": "basculin bluestripe",
            "presets": [
                "river",
                "underwater"
            ],
            "type": "pokemon",
            "context": "submerged",
            "bucket": "common",
            "level": "4-46",
            "weight": 10.0,
            "condition": {
                "canSeeSky": true,
				"moonPhase": "2,3,4"
            }
        },
		{
            "id": "basculin-blue-2",
            "pokemon": "basculin bluestripe",
            "presets": [
                "river",
                "underwater"
            ],
            "type": "pokemon",
            "context": "submerged",
            "bucket": "uncommon",
            "level": "4-46",
            "weight": 10.0,
            "condition": {
                "canSeeSky": true,
				"moonPhase": "6,7,8"
            }
        },
		{
            "id": "basculin-blue-3",
            "pokemon": "basculin bluestripe",
            "presets": [
                "river",
                "underwater"
            ],
            "type": "pokemon",
            "context": "submerged",
            "bucket": "common",
            "level": "4-46",
            "weight": 5.0,
            "condition": {
                "canSeeSky": true,
				"moonPhase": "1,5"
            }
        },
		{
            "id": "basculin-red-1",
            "pokemon": "basculin redstripe",
            "presets": [
                "river",
                "underwater"
            ],
            "type": "pokemon",
            "context": "submerged",
            "bucket": "common",
            "level": "4-46",
            "weight": 10.0,
            "condition": {
                "canSeeSky": true,
				"moonPhase": "6,7,8"
            }
        },
		{
            "id": "basculin-red-2",
            "pokemon": "basculin redstripe",
            "presets": [
                "river",
                "underwater"
            ],
            "type": "pokemon",
            "context": "submerged",
            "bucket": "uncommon",
            "level": "4-46",
            "weight": 10.0,
            "condition": {
                "canSeeSky": true,
				"moonPhase": "2,3,4"
            }
        },
		{
            "id": "basculin-red-3",
            "pokemon": "basculin redstripe",
            "presets": [
                "river",
                "underwater"
            ],
            "type": "pokemon",
            "context": "submerged",
            "bucket": "common",
            "level": "4-46",
            "weight": 5.0,
            "condition": {
                "canSeeSky": true,
				"moonPhase": "1,5"
            }
        }
    ]
}