{
    "enabled": true,
    "neededInstalledMods": [],
    "neededUninstalledMods": [],
    "spawns": [
        {
            "id": "maractus-1",
            "pokemon": "maractus",
            "presets": [
                "natural"
            ],
            "type": "pokemon",
            "context": "grounded",
            "bucket": "common",
            "level": "8-46",
            "weight": 10.0,
            "condition": {
                "canSeeSky": true,
                "biomes": [
                    "#cobblemon:is_sandy"
                ]
            }
        },
        {
            "id": "maractus-2",
            "pokemon": "maractus",
            "presets": [
                "natural"
            ],
            "type": "pokemon",
            "context": "grounded",
            "bucket": "common",
            "level": "5-30",
            "weight": 50.0,
            "condition": {
                "canSeeSky": true,
                "neededNearbyBlocks": [
                    "minecraft:cactus"
                ]
            }
        }
    ]
}