{
    "enabled": true,
    "neededInstalledMods": [],
    "neededUninstalledMods": [],
    "spawns": [
        {
            "id": "dwebble-1",
            "pokemon": "dwebble",
            "presets": [
                "natural"
            ],
            "type": "pokemon",
            "context": "grounded",
            "bucket": "common",
            "level": "8-32",
            "weight": 9.0,
            "condition": {
                "biomes": [
                    "#cobblemon:is_badlands"
                ]
            }
        },
        {
            "id": "dwebble-2",
            "pokemon": "dwebble",
            "type": "pokemon",
            "context": "grounded",
            "bucket": "common",
            "level": "8-32",
            "weight": 50.0,
            "condition": {
                "timeRange": "day",
                "neededBaseBlocks": [
                    "minecraft:terracotta"
                ],
                "neededNearbyBlocks": [
                    "minecraft:dead_bush"
                ]
            }
        }
    ]
}