{
    "enabled": true,
    "neededInstalledMods": [],
    "neededUninstalledMods": [],
    "spawns": [
        {
            "id": "sawsbuck-1",
            "pokemon": "sawsbuck",
            "presets": [
                "natural"
            ],
            "type": "pokemon",
            "context": "grounded",
            "bucket": "common",
            "level": "34-47",
            "weight": 0.2,
            "condition": {
                "canSeeSky": true,
                "biomes": [
                    "#cobblemon:is_floral",
                    "#cobblemon:is_forest",
                    "#cobblemon:is_hills",
                    "#cobblemon:is_plains",
                    "#cobblemon:is_snowy",
                    "#cobblemon:is_taiga"
                ],
                "timeRange": "day"
            },
            "anticondition": {
                "biomes": [
                    "#cobblemon:is_savanna"
                ]
            }
        },
        {
            "id": "sawsbuck-2",
            "pokemon": "sawsbuck",
            "presets": [
                "near_water",
                "near_berry_bush"
            ],
            "type": "pokemon",
            "context": "grounded",
            "bucket": "uncommon",
            "level": "34-50",
            "weight": 75,
            "condition": {
                "canSeeSky": true,
                "biomes": [
                    "#cobblemon:is_floral",
                    "#cobblemon:is_forest",
                    "#cobblemon:is_hills",
                    "#cobblemon:is_plains",
                    "#cobblemon:is_snowy",
                    "#cobblemon:is_taiga"
                ],
                "timeRange": "day"
            },
            "anticondition": {
                "biomes": [
                    "#cobblemon:is_savanna"
                ]
            }
        }
    ]
}