{
    "enabled": true,
    "neededInstalledMods": [],
    "neededUninstalledMods": [],
    "spawns": [
        {
            "id": "emolga-1",
            "pokemon": "emolga",
            "presets": [
                "natural",
				"treetop"
            ],
            "type": "pokemon",
            "context": "grounded",
            "bucket": "uncommon",
            "level": "10-43",
            "weight": 10.0,
            "condition": {
                "canSeeSky": true,
                "biomes": [
                    "#cobblemon:is_taiga"
                ]
            }
        },
        {
            "id": "emolga-3",
            "pokemon": "emolga",
            "type": "pokemon",
            "context": "grounded",
            "bucket": "common",
            "level": "13-40",
            "weight": 500.0,
            "condition": {
                "canSeeSky": true,
                "timeRange": "day",
                "biomes": [
                    "#cobblemon:is_taiga"
                ],
                "neededBaseBlocks": [
                    "minecraft:grass_block"
                ],
                "neededNearbyBlocks": [
                    "minecraft:pumpkin",
                    "minecraft:carved_pumpkin",
                    "minecraft:melon"
                ]
            }
        }
    ]
}