{
    "enabled": "true",
    "neededInstalledMods": [],
    "neededUninstalledMods": [],
    "spawns": [
        {
            "id": "klang-1",
            "pokemon": "klang",
			"presets": [
                "underground"
            ],
            "type": "pokemon",
            "context": "grounded",
            "bucket": "uncommon",
            "level": "38-44",
            "weight": 0.9,
            "condition": {
                "canSeeSky": false,
                "biomes": [
                    "#cobblemon:is_overworld"
                ],
                "neededNearbyBlocks": [
                    "#c:redstone_ores",
                    "minecraft:rail"
                ]
            },
            "anticondition": {
                "biomes": [
                    "#cobblemon:is_abyss"
                ]
            }
        },
        {
            "id": "klang-2",
            "pokemon": "klang",
            "presets": [
                "redstone"
            ],
            "type": "pokemon",
            "context": "grounded",
            "bucket": "uncommon",
            "level": "38-44",
            "weight": 0.9,
            "condition": {
                "biomes": [
                    "#cobblemon:is_overworld"
                ],
                "neededNearbyBlocks": [
                    "create:cogwheel",
                    "create:large_cogwheel",
                    "create:gearbox",
                    "create:vertical_gearbox"
                ]
            }
        },
        {
            "id": "klang-3",
            "pokemon": "klang",
            "presets": [
                "natural"
            ],
            "type": "pokemon",
            "context": "grounded",
            "bucket": "uncommon",
            "level": "38-50",
            "weight": 250,
            "condition": {
                "canSeeSky": true,
                "biomes": [
                    "#cobblemon:is_temperate",
                    "#cobblemon:is_arid",
                    "#cobblemon:is_freezing"
                ],
                "timeRange": "day",
                "neededNearbyBlocks": [
                    "minecraft:piston_head"
                ]
            }
        }
    ]
}