{
    "enabled": "true",
    "neededInstalledMods": [],
    "neededUninstalledMods": [],
    "spawns": [
        {
            "id": "elgyem_1",
            "pokemon": "elgyem",
            "presets": [
                "natural"
            ],
            "type": "pokemon",
            "context": "grounded",
            "bucket": "uncommon",
            "level": "12-33",
            "weight": 9.0,
            "condition": {
                "biomes": [
                    "#minecraft:is_end"
                ]
            }
        },
        {
            "id": "elgyem_2",
            "pokemon": "elgyem",
            "presets": [
                "natural"
            ],
            "type": "pokemon",
            "context": "grounded",
            "bucket": "common",
            "level": "12-33",
            "weight": 50,
            "condition": {
                "canSeeSky": true,
                "biomes": [
                    "#minecraft:is_overworld"
                ],
                "timeRange": "night",
                "neededNearbyBlocks": [
                    "minecraft:wheat"
                ],
                "neededBaseBlocks": [
                    "minecraft:farmland"
                ]
            }
        },
        {
            "id": "elgyem_3",
            "pokemon": "elgyem",
            "presets": [
                "desert_temple"
            ],
            "type": "pokemon",
            "context": "grounded",
            "bucket": "common",
            "level": "12-33",
            "weight": 9.0,
            "condition": {
                "biomes": [
                    "#minecraft:is_overworld"
                ]
            }
        }
    ]
}