{
    "enabled": "true",
    "neededInstalledMods": [],
    "neededUninstalledMods": [],
    "spawns": [
        {
            "id": "heatmor-1",
            "pokemon": "heatmor",
            "presets": [
                "natural"
            ],
            "type": "pokemon",
            "context": "grounded",
            "bucket": "uncommon",
            "level": "20-48",
            "weight": 10.0,
            "condition": {
                "canSeeSky": true,
                "biomes": [
                    "#cobblemon:is_badlands",
                    "#cobblemon:is_hills"
                ]
            }
        },
        {
            "id": "heatmor-2",
            "pokemon": "heatmor",
            "presets": [
                "natural"
            ],
            "type": "pokemon",
            "context": "grounded",
            "bucket": "uncommon",
            "level": "20-48",
            "weight": 10.0,
            "condition": {
                "biomes": [
                    "#minecraft:is_nether"
                ]
            }
        },
        {
            "id": "heatmor-3",
            "pokemon": "heatmor",
            "presets": [
                "natural"
            ],
            "type": "pokemon",
            "context": "grounded",
            "bucket": "common",
            "level": "20-48",
            "weight": 33.0,
            "condition": {
                "canSeeSky": false,
                "minY": 63,
                "maxLight": 7,
                "minHeight": 2,
                "minWidth": 2,
                "biomes": [
                    "#cobblemon:is_badlands",
                    "#cobblemon:is_mountain"
                ]
            }
        }
    ]
}