{
    "enabled": true,
    "neededInstalledMods": [],
    "neededUninstalledMods": [],
    "spawns": [
        {
            "id": "delphox-3",
            "pokemon": "delphox",
            "type": "pokemon",
            "context": "grounded",
            "bucket": "uncommon",
            "level": "35-45",
            "weight": 500.0,
            "condition": {
                "canSeeSky": true,
                "isRaining": false,
                "timeRange": "day",
                "minZ": 0,
                "neededBaseBlocks": [
                    "minecraft:packed_mud"
                ],
                "neededNearbyBlocks": [
                    "minecraft:hay_block"
                ],
                "biomes": [
                    "#cobblemon:is_desert"
                ]
            },
            "anticondition": {
                "neededNearbyBlocks": [
                    "minecraft:water"
                ]
            }
        },
        {
            "id": "delphox-4",
            "pokemon": "delphox",
            "presets": [
                "desert_temple"
            ],
            "type": "pokemon",
            "context": "grounded",
            "bucket": "rare",
            "level": "35-50",
            "weight": 1.0,
            "condition": {
                "biomes": [
                    "#minecraft:is_overworld"
                ]
            }
        }
    ]
}