{
    "enabled": true,
    "neededInstalledMods": [],
    "neededUninstalledMods": [],
    "spawns": [
        {
            "id": "bergmite-1",
            "pokemon": "bergmite",
            "presets": [
                "natural"
            ],
            "type": "pokemon",
            "context": "grounded",
            "bucket": "common",
            "level": "9-30",
            "weight": 9.0,
            "condition": {
                "canSeeSky": true,
                "biomes": [
                    "#cobblemon:is_frozen"
                ]
            }
        },
        {
            "id": "bergmite-2",
            "pokemon": "bergmite",
            "presets": [
                "water_surface"
            ],
            "type": "pokemon",
            "bucket": "common",
            "level": "9-30",
            "weight": 9.0,
            "condition": {
                "canSeeSky": true,
                "biomes": [
                    "#cobblemon:is_frozen"
                ]
            }
        },
        {
            "id": "bergmite-2",
            "pokemon": "bergmite",
            "presets": [
                "water_surface"
            ],
            "type": "pokemon",
            "bucket": "common",
            "level": "9-30",
            "weight": 9.0,
            "condition": {
                "canSeeSky": true,
                "biomes": [
                    "#cobblemon:is_frozen"
                ]
            }
        },
        {
            "id": "bergmite-3",
            "pokemon": "bergmite",
            "presets": [
                "water_surface"
            ],
            "type": "pokemon",
            "bucket": "common",
            "level": "5-15",
            "weight": 1000,
            "condition": {
                "canSeeSky": true,
                "neededNearbyBlocks": [
                    "minecraft:blue_ice"
                ]
            }
        }
    ]
}