{
    "enabled": "true",
    "neededInstalledMods": [],
    "neededUninstalledMods": [],
    "spawns": [
        {
            "id": "shiinotic-1",
            "pokemon": "shiinotic",
            "presets": [
                "natural"
            ],
            "type": "pokemon",
            "context": "grounded",
            "bucket": "common",
            "level": "24-40",
            "weight": 0.2,
            "condition": {
                "biomes": [
                    "#cobblemon:is_jungle",
                    "#cobblemon:is_magical",
                    "#cobblemon:is_mushroom"
                ],
                "maxLight": 7
            }
        },
        {
            "id": "shiinotic-2",
            "pokemon": "shiinotic",
            "presets": [
                "natural"
            ],
            "type": "pokemon",
            "context": "grounded",
            "bucket": "common",
            "level": "24-40",
            "weight": 0.2,
            "condition": {
                "canSeeSky": false,
                "biomes": [
                    "#cobblemon:is_lush"
                ]
            }
        },
        {
            "id": "shiinotic-3",
            "pokemon": "shiinotic",
            "presets": [
                "natural"
            ],
            "type": "pokemon",
            "context": "grounded",
            "bucket": "uncommon",
            "level": "24-40",
            "weight": 500,
            "condition": {
                "maxLight": 7,
                "minY": 63,
                "neededNearbyBlocks": [
                    "minecraft:mushroom_stem"
                ]
            }
        }
    ]
}