{
    "enabled": true,
    "neededInstalledMods": [],
    "neededUninstalledMods": [],
    "spawns": [
        {
            "id": "tsareena-1",
            "pokemon": "tsareena",
            "presets": [
                "natural"
            ],
            "type": "pokemon",
            "context": "grounded",
            "bucket": "common",
            "level": "28-51",
            "weight": 0.02,
            "condition": {
                "canSeeSky": true,
                "biomes": [
                    "#cobblemon:is_jungle"
                ]
            }
        },
        {
            "id": "tsareena-2",
            "pokemon": "tsareena",
            "type": "pokemon",
            "context": "grounded",
            "bucket": "uncommon",
            "level": "35-50",
            "weight": 100,
            "condition": {
                "canSeeSky": true,
                "minY": 63,
                "timeRange": "day",
                "neededNearbyBlocks": [
                    "minecraft:cocoa"
                ]
            },
            "anticondition": {
                "neededNearbyBlocks": [
                    "minecraft:fire",
                    "minecraft:soul_fire",
                    "minecraft:lava",
                    "minecraft:jack_o_lantern",
                    "minecraft:campfire",
                    "minecraft:soul_campfire",
                    "minecraft:torch",
                    "minecraft:wall_torch",
                    "minecraft:soul_torch",
                    "minecraft:wall_soul_torch",
                    "minecraft:redstone_torch",
                    "minecraft:redstone_wall_torch"
                ]
            }
        }
    ]
}