{
    "enabled": "true",
    "neededInstalledMods": [],
    "neededUninstalledMods": [],
    "spawns": [
        {
            "id": "mimikyu-2",
            "pokemon": "mimikyu",
            "type": "pokemon",
            "context": "grounded",
            "bucket": "uncommon",
            "level": "15-30",
            "weight": 50,
            "condition": {
                "canSeeSky": false,
                "biomes": [
                    "#cobblemon:is_overworld"
                ],
                "neededNearbyBlocks": [
                    "minecraft:yellow_carpet",
                    "minecraft:yellow_banner",
                    "minecraft:yellow_bed"
                ],
                "timeRange": "night"

            }
        },
        {
            "id": "mimikyu-3",
            "pokemon": "mimikyu",
            "presets": [
                "urban"
            ],
            "type": "pokemon",
            "context": "grounded",
            "bucket": "uncommon",
            "level": "20-35",
            "weight": 30.0,
            "condition": {
				"biomes": [
                    "minecraft:is_overworld"
                ],
                "timeRange":"night"
			}
        },
        {
            "id": "mimikyu-4",
            "pokemon": "mimikyu",
            "type": "pokemon",
            "context": "grounded",
            "bucket": "common",
            "level": "15-30",
            "weight": 500,
            "condition": {
                "canSeeSky": true,
                "minY": 63,
                "biomes": [
                    "#cobblemon:is_overworld"
                ],
                "neededNearbyBlocks": [
                    "minecraft:yellow_carpet",
                    "minecraft:yellow_banner",
                    "minecraft:yellow_bed"
                ],
                "timeRange": "night"

            }
        }
        
    ]
}