{
    "enabled": "true",
    "neededInstalledMods": [],
    "neededUninstalledMods": [],
    "spawns": [
        {
            "id": "dhelmise-1",
            "pokemon": "dhelmise",
            "presets": [
                "underwater"
            ],
            "type": "pokemon",
            "context": "submerged",
            "bucket": "common",
            "level": "20-52",
            "weight": 2.0,
            "condition": {
                "canSeeSky": true,
                "biomes": [
                    "#minecraft:is_ocean"
                ],
                "neededNearbyBlocks": [
                    "#minecraft:logs",
                    "#minecraft:planks"
                ]
            }
        },
        {
            "id": "dhelmise-2",
            "pokemon": "dhelmise",
            "presets": [
                "underwater"
            ],
            "type": "pokemon",
            "context": "submerged",
            "bucket": "common",
            "level": "20-52",
            "weight": 2000.0,
            "condition": {
                "canSeeSky": true,
                "timeRange": "night",
                "biomes": [
                    "#minecraft:is_ocean"
                ],
                "neededNearbyBlocks": [
                    "minecraft:oak_trapdoor",
                    "minecraft:spruce_trapdoor",
                    "minecraft:dark_oak_trapdoor",
                    "minecraft:jungle_trapdoor"
                ]
            }
        }
    ]
}