{
    "enabled": true,
    "neededInstalledMods": [],
    "neededUninstalledMods": [],
    "spawns": [
        {
            "id": "scorbunny-3",
            "pokemon": "scorbunny",
            "type": "pokemon",
            "context": "grounded",
            "bucket": "common",
            "level": "5-15",
            "weight": 1000.0,
            "condition": {
                "canSeeSky": true,
                "isRaining": false,
                "timeRange": "day",
                "minZ": 0,
                "neededBaseBlocks": [
                    "minecraft:hay_block"
                ],
                "neededNearbyBlocks": [
                    "minecraft:azalea"
                ],
                "biomes": [
                    "#cobblemon:is_grassland"
                ]
            },
            "anticondition": {
                "neededNearbyBlocks": [
                    "minecraft:water"
                ]
            }
        }
    ]
}