{
    "enabled": true,
    "neededInstalledMods": [],
    "neededUninstalledMods": [],
    "spawns": [
        {
            "id": "sobble-3",
            "pokemon": "sobble",
            "type": "pokemon",
            "context": "grounded",
            "bucket": "common",
            "level": "5-15",
            "weight": 1000.0,
            "condition": {
                "canSeeSky": true,
                "timeRange": "day",
                "maxZ": 0,
                "neededBaseBlocks": [
                    "minecraft:mud"
                ],
                "neededNearbyBlocks": [
                    "minecraft:water"
                ],
                "biomes": [
                    "#cobblemon:is_forest"
                ]
            },
            "anticondition": {
                "neededNearbyBlocks": [
                    "minecraft:grass",
                    "minecraft:grass_block"
                ],
                "biomes": [
                    "#cobblemon:is_freezing"
                ]
            }
        }
    ]
}