{
    "enabled": "true",
    "neededInstalledMods": [],
    "neededUninstalledMods": [],
    "spawns": [
        {
            "id": "dubwool-1",
            "pokemon": "dubwool",
            "presets": [
                "natural"
            ],
            "type": "pokemon",
            "context": "grounded",
            "bucket": "common",
            "level": "24-49",
            "weight": 1.0,
            "condition": {
                "canSeeSky": true,
                "biomes": [
                    "#cobblemon:is_mountain",
                    "#cobblemon:is_plains"
                ]
            }
        },
        {
            "id": "dubwool-2",
            "pokemon": "dubwool",
            "presets": [
                "natural"
            ],
            "type": "pokemon",
            "context": "grounded",
            "bucket": "uncommon",
            "level": "24-50",
            "weight": 75.0,
            "condition": {
                "canSeeSky": true,
                "timeRange": "day",
                "biomes": [
                    "#cobblemon:is_mountain",
                    "#cobblemon:is_plains"
                ],
                "neededNearbyBlocks": [
                    "minecraft:cobblestone_wall",
                    "minecraft:oak_fence"
                ]
            }
        }
    ]
}