{
    "enabled": true,
    "neededInstalledMods": [],
    "neededUninstalledMods": [],
    "spawns": [
        {
            "id": "centiskorch-1",
            "pokemon": "centiskorch",
            "presets": [
                "natural"
            ],
            "type": "pokemon",
            "context": "grounded",
            "bucket": "common",
            "level": "28-52",
            "weight": 0.6,
            "condition": {
                "canSeeSky": true,
                "biomes": [
                    "#cobblemon:is_badlands"
                ]
            }
        },
        {
            "id": "centiskorch-2",
            "pokemon": "centiskorch",
            "presets": [
                "natural"
            ],
            "type": "pokemon",
            "context": "grounded",
            "bucket": "common",
            "level": "28-52",
            "weight": 0.6,
            "condition": {
                "biomes": [
                    "minecraft:basalt_deltas",
                    "minecraft:nether_wastes"
                ]
            }
        },
        {
            "id": "centiskorch-2",
            "pokemon": "centiskorch",
            "type": "pokemon",
            "context": "grounded",
            "bucket": "uncommon",
            "level": "30-50",
            "weight": 100,
            "condition": {
                "canSeeSky": true,
                "minY": 63,
                "neededBaseBlocks": [
                    "minecraft:podzol"
                ],
                "neededNearbyBlocks": [
                    "minecraft:fire"
                ]
            }
        }
    ]
}