{
    "enabled": "true",
    "neededInstalledMods": [],
    "neededUninstalledMods": [],
    "spawns": [
        {
            "id": "alcremie-1",
            "pokemon": "alcremie",
            "type": "pokemon",
            "context": "grounded",
            "bucket": "common",
            "level": "28-49",
            "weight": 0.02,
            "condition": {
                "biomes": [
                    "#cobblemon:is_overworld"
                ],
                "neededNearbyBlocks": [
                    "minecraft:cake"
                ]
            }
        },
        {
            "id": "alcremie-2",
            "pokemon": "alcremie",
            "type": "pokemon",
            "context": "grounded",
            "bucket": "uncommon",
            "level": "28-50",
            "weight": 1000,
            "condition": {
                "canSeeSky": false,
                "maxY": 130,
                "minY": 62,
                "biomes": [
                    "#cobblemon:is_overworld"
                ],
                "neededNearbyBlocks": [
                    "minecraft:cake"
                ]
            }
        }
    ]
}